timestamp,severity,source,message,recommendation
2026-04-29T03:19:23,info,package_count,Package count reset from 19 to 0,Confirm this was caused by a lot change or operator reset.
2026-04-29T03:20:03,info,package_count,Package count reset from 19 to 0,Confirm this was caused by a lot change or operator reset.
2026-04-29T03:20:43,info,package_count,Package count reset from 19 to 0,Confirm this was caused by a lot change or operator reset.
2026-04-29T03:21:23,info,package_count,Package count reset from 19 to 0,Confirm this was caused by a lot change or operator reset.
2026-04-29T03:22:03,info,package_count,Package count reset from 19 to 0,Confirm this was caused by a lot change or operator reset.
2026-04-29T03:23:20,info,package_count,Package count reset from 19 to 0,Confirm this was caused by a lot change or operator reset.
2026-04-29T03:24:00,info,package_count,Package count reset from 19 to 0,Confirm this was caused by a lot change or operator reset.
2026-04-29T03:24:40,info,package_count,Package count reset from 19 to 0,Confirm this was caused by a lot change or operator reset.
2026-04-29T03:25:20,info,package_count,Package count reset from 19 to 0,Confirm this was caused by a lot change or operator reset.
2026-04-29T03:26:01,info,package_count,Package count reset from 19 to 0,Confirm this was caused by a lot change or operator reset.
2026-04-29T03:26:41,info,package_count,Package count reset from 19 to 0,Confirm this was caused by a lot change or operator reset.
2026-04-29T03:27:21,info,package_count,Package count reset from 19 to 0,Confirm this was caused by a lot change or operator reset.
2026-04-29T03:28:01,info,package_count,Package count reset from 19 to 0,Confirm this was caused by a lot change or operator reset.
2026-04-29T03:28:41,info,package_count,Package count reset from 19 to 0,Confirm this was caused by a lot change or operator reset.
2026-04-29T03:29:21,info,package_count,Package count reset from 19 to 0,Confirm this was caused by a lot change or operator reset.
2026-04-29T03:30:01,info,package_count,Package count reset from 19 to 0,Confirm this was caused by a lot change or operator reset.
2026-04-29T03:30:41,info,package_count,Package count reset from 19 to 0,Confirm this was caused by a lot change or operator reset.
2026-04-29T03:31:21,info,package_count,Package count reset from 19 to 0,Confirm this was caused by a lot change or operator reset.
2026-04-29T03:32:01,info,package_count,Package count reset from 19 to 0,Confirm this was caused by a lot change or operator reset.
2026-04-29T03:33:00,info,package_count,Package count reset from 19 to 0,Confirm this was caused by a lot change or operator reset.
2026-04-29T03:33:40,info,package_count,Package count reset from 19 to 0,Confirm this was caused by a lot change or operator reset.
2026-04-29T03:34:20,info,package_count,Package count reset from 19 to 0,Confirm this was caused by a lot change or operator reset.
2026-04-29T03:35:00,info,package_count,Package count reset from 19 to 0,Confirm this was caused by a lot change or operator reset.
2026-04-29T03:35:42,info,package_count,Package count reset from 19 to 0,Confirm this was caused by a lot change or operator reset.
2026-04-29T03:36:22,info,package_count,Package count reset from 19 to 0,Confirm this was caused by a lot change or operator reset.
2026-04-29T03:37:02,info,package_count,Package count reset from 19 to 0,Confirm this was caused by a lot change or operator reset.
2026-04-29T03:37:42,info,package_count,Package count reset from 19 to 0,Confirm this was caused by a lot change or operator reset.
2026-04-29T03:38:22,info,package_count,Package count reset from 19 to 0,Confirm this was caused by a lot change or operator reset.
2026-04-29T03:39:02,info,package_count,Package count reset from 19 to 0,Confirm this was caused by a lot change or operator reset.
2026-04-29T03:39:42,info,package_count,Package count reset from 19 to 0,Confirm this was caused by a lot change or operator reset.
2026-04-29T03:40:22,info,package_count,Package count reset from 19 to 0,Confirm this was caused by a lot change or operator reset.
2026-04-29T03:41:02,info,package_count,Package count reset from 19 to 0,Confirm this was caused by a lot change or operator reset.
2026-04-29T03:41:42,info,package_count,Package count reset from 19 to 0,Confirm this was caused by a lot change or operator reset.
2026-04-29T03:42:22,info,package_count,Package count reset from 19 to 0,Confirm this was caused by a lot change or operator reset.
2026-04-29T03:43:02,info,package_count,Package count reset from 19 to 0,Confirm this was caused by a lot change or operator reset.
2026-04-29T03:43:42,info,package_count,Package count reset from 19 to 0,Confirm this was caused by a lot change or operator reset.
2026-04-29T03:44:22,info,package_count,Package count reset from 19 to 0,Confirm this was caused by a lot change or operator reset.
2026-04-29T03:45:02,info,package_count,Package count reset from 19 to 0,Confirm this was caused by a lot change or operator reset.
2026-04-29T03:45:42,info,package_count,Package count reset from 19 to 0,Confirm this was caused by a lot change or operator reset.
2026-04-29T03:46:22,info,package_count,Package count reset from 19 to 0,Confirm this was caused by a lot change or operator reset.
2026-04-29T03:47:02,info,package_count,Package count reset from 19 to 0,Confirm this was caused by a lot change or operator reset.
2026-04-29T03:47:42,info,package_count,Package count reset from 19 to 0,Confirm this was caused by a lot change or operator reset.
2026-04-29T03:48:22,info,package_count,Package count reset from 19 to 0,Confirm this was caused by a lot change or operator reset.
2026-04-29T03:49:03,info,package_count,Package count reset from 19 to 0,Confirm this was caused by a lot change or operator reset.
